Group Name,Date,Time (in UTC),Shilling Text
@grroup2020,"25 March, 2022",10:15:03,"ğŸ’Elitheum (ELTHM)ğŸ’
    ğŸ”¥Own Blockchain and Coin named 'CIC' is ready for launching.ğŸ”¥
    ğŸ”¥(Transaction speed  is much faster  than any other Blockchain and The Gas fee is much less than Bsc smartchain.)ğŸ”¥
    ğŸš€Marketcap is still very low.ğŸš€
    ğŸš€Great Opportunity to be a Early Holder.ğŸš€
    ğŸš€Available on PancakeswapğŸš€
    0x5774f0e73bb1c0957dd7442b2442c6f77c10aaa1"
@spams2020,"25 March, 2022",10:15:03,"ğŸ’Elitheum (ELTHM)ğŸ’
    ğŸ”¥Own Blockchain and Coin named 'CIC' is ready for launching.ğŸ”¥
    ğŸ”¥(Transaction speed  is much faster  than any other Blockchain and The Gas fee is much less than Bsc smartchain.)ğŸ”¥
    ğŸš€Marketcap is still very low.ğŸš€
    ğŸš€Great Opportunity to be a Early Holder.ğŸš€
    ğŸš€Available on PancakeswapğŸš€
    0x5774f0e73bb1c0957dd7442b2442c6f77c10aaa1"
@spamfreee1,"25 March, 2022",10:15:03,"ğŸ’Elitheum (ELTHM)ğŸ’
    ğŸ”¥Own Blockchain and Coin named 'CIC' is ready for launching.ğŸ”¥
    ğŸ”¥(Transaction speed  is much faster  than any other Blockchain and The Gas fee is much less than Bsc smartchain.)ğŸ”¥
    ğŸš€Marketcap is still very low.ğŸš€
    ğŸš€Great Opportunity to be a Early Holder.ğŸš€
    ğŸš€Available on PancakeswapğŸš€
    0x5774f0e73bb1c0957dd7442b2442c6f77c10aaa1"
@gr0up2020,"25 March, 2022",10:15:03,"ğŸ’Elitheum (ELTHM)ğŸ’
    ğŸ”¥Own Blockchain and Coin named 'CIC' is ready for launching.ğŸ”¥
    ğŸ”¥(Transaction speed  is much faster  than any other Blockchain and The Gas fee is much less than Bsc smartchain.)ğŸ”¥
    ğŸš€Marketcap is still very low.ğŸš€
    ğŸš€Great Opportunity to be a Early Holder.ğŸš€
    ğŸš€Available on PancakeswapğŸš€
    0x5774f0e73bb1c0957dd7442b2442c6f77c10aaa1"
@freelinkk20,"25 March, 2022",10:15:03,"ğŸ’Elitheum (ELTHM)ğŸ’
    ğŸ”¥Own Blockchain and Coin named 'CIC' is ready for launching.ğŸ”¥
    ğŸ”¥(Transaction speed  is much faster  than any other Blockchain and The Gas fee is much less than Bsc smartchain.)ğŸ”¥
    ğŸš€Marketcap is still very low.ğŸš€
    ğŸš€Great Opportunity to be a Early Holder.ğŸš€
    ğŸš€Available on PancakeswapğŸš€
    0x5774f0e73bb1c0957dd7442b2442c6f77c10aaa1"
@spams333,"25 March, 2022",10:15:03,"ğŸ’Elitheum (ELTHM)ğŸ’
    ğŸ”¥Own Blockchain and Coin named 'CIC' is ready for launching.ğŸ”¥
    ğŸ”¥(Transaction speed  is much faster  than any other Blockchain and The Gas fee is much less than Bsc smartchain.)ğŸ”¥
    ğŸš€Marketcap is still very low.ğŸš€
    ğŸš€Great Opportunity to be a Early Holder.ğŸš€
    ğŸš€Available on PancakeswapğŸš€
    0x5774f0e73bb1c0957dd7442b2442c6f77c10aaa1"
@spamsfreelink,"25 March, 2022",10:15:03,"ğŸ’Elitheum (ELTHM)ğŸ’
    ğŸ”¥Own Blockchain and Coin named 'CIC' is ready for launching.ğŸ”¥
    ğŸ”¥(Transaction speed  is much faster  than any other Blockchain and The Gas fee is much less than Bsc smartchain.)ğŸ”¥
    ğŸš€Marketcap is still very low.ğŸš€
    ğŸš€Great Opportunity to be a Early Holder.ğŸš€
    ğŸš€Available on PancakeswapğŸš€
    0x5774f0e73bb1c0957dd7442b2442c6f77c10aaa1"
@pr0jects2020,"25 March, 2022",10:15:03,"ğŸ’Elitheum (ELTHM)ğŸ’
    ğŸ”¥Own Blockchain and Coin named 'CIC' is ready for launching.ğŸ”¥
    ğŸ”¥(Transaction speed  is much faster  than any other Blockchain and The Gas fee is much less than Bsc smartchain.)ğŸ”¥
    ğŸš€Marketcap is still very low.ğŸš€
    ğŸš€Great Opportunity to be a Early Holder.ğŸš€
    ğŸš€Available on PancakeswapğŸš€
    0x5774f0e73bb1c0957dd7442b2442c6f77c10aaa1"
@project290,"25 March, 2022",10:15:03,"ğŸ’Elitheum (ELTHM)ğŸ’
    ğŸ”¥Own Blockchain and Coin named 'CIC' is ready for launching.ğŸ”¥
    ğŸ”¥(Transaction speed  is much faster  than any other Blockchain and The Gas fee is much less than Bsc smartchain.)ğŸ”¥
    ğŸš€Marketcap is still very low.ğŸš€
    ğŸš€Great Opportunity to be a Early Holder.ğŸš€
    ğŸš€Available on PancakeswapğŸš€
    0x5774f0e73bb1c0957dd7442b2442c6f77c10aaa1"
@cryptoo20,"25 March, 2022",10:16:07,"ğŸ’Elitheum (ELTHM)ğŸ’
    ğŸ”¥Own Blockchain and Coin named 'CIC' is ready for launching.ğŸ”¥
    ğŸ”¥(Transaction speed  is much faster  than any other Blockchain and The Gas fee is much less than Bsc smartchain.)ğŸ”¥
    ğŸš€Marketcap is still very low.ğŸš€
    ğŸš€Great Opportunity to be a Early Holder.ğŸš€
    ğŸš€Available on PancakeswapğŸš€
    0x5774f0e73bb1c0957dd7442b2442c6f77c10aaa1"
@newcrypto11,"25 March, 2022",10:16:07,"ğŸ’Elitheum (ELTHM)ğŸ’
    ğŸ”¥Own Blockchain and Coin named 'CIC' is ready for launching.ğŸ”¥
    ğŸ”¥(Transaction speed  is much faster  than any other Blockchain and The Gas fee is much less than Bsc smartchain.)ğŸ”¥
    ğŸš€Marketcap is still very low.ğŸš€
    ğŸš€Great Opportunity to be a Early Holder.ğŸš€
    ğŸš€Available on PancakeswapğŸš€
    0x5774f0e73bb1c0957dd7442b2442c6f77c10aaa1"
@adverside,"25 March, 2022",10:16:07,"ğŸ’Elitheum (ELTHM)ğŸ’
    ğŸ”¥Own Blockchain and Coin named 'CIC' is ready for launching.ğŸ”¥
    ğŸ”¥(Transaction speed  is much faster  than any other Blockchain and The Gas fee is much less than Bsc smartchain.)ğŸ”¥
    ğŸš€Marketcap is still very low.ğŸš€
    ğŸš€Great Opportunity to be a Early Holder.ğŸš€
    ğŸš€Available on PancakeswapğŸš€
    0x5774f0e73bb1c0957dd7442b2442c6f77c10aaa1"
@nicespams,"25 March, 2022",10:16:07,"ğŸ’Elitheum (ELTHM)ğŸ’
    ğŸ”¥Own Blockchain and Coin named 'CIC' is ready for launching.ğŸ”¥
    ğŸ”¥(Transaction speed  is much faster  than any other Blockchain and The Gas fee is much less than Bsc smartchain.)ğŸ”¥
    ğŸš€Marketcap is still very low.ğŸš€
    ğŸš€Great Opportunity to be a Early Holder.ğŸš€
    ğŸš€Available on PancakeswapğŸš€
    0x5774f0e73bb1c0957dd7442b2442c6f77c10aaa1"
@goldgroupss,"25 March, 2022",10:16:07,"ğŸ’Elitheum (ELTHM)ğŸ’
    ğŸ”¥Own Blockchain and Coin named 'CIC' is ready for launching.ğŸ”¥
    ğŸ”¥(Transaction speed  is much faster  than any other Blockchain and The Gas fee is much less than Bsc smartchain.)ğŸ”¥
    ğŸš€Marketcap is still very low.ğŸš€
    ğŸš€Great Opportunity to be a Early Holder.ğŸš€
    ğŸš€Available on PancakeswapğŸš€
    0x5774f0e73bb1c0957dd7442b2442c6f77c10aaa1"
@spams2021,"25 March, 2022",10:16:07,"ğŸ’Elitheum (ELTHM)ğŸ’
    ğŸ”¥Own Blockchain and Coin named 'CIC' is ready for launching.ğŸ”¥
    ğŸ”¥(Transaction speed  is much faster  than any other Blockchain and The Gas fee is much less than Bsc smartchain.)ğŸ”¥
    ğŸš€Marketcap is still very low.ğŸš€
    ğŸš€Great Opportunity to be a Early Holder.ğŸš€
    ğŸš€Available on PancakeswapğŸš€
    0x5774f0e73bb1c0957dd7442b2442c6f77c10aaa1"
@linkscrypto0,"25 March, 2022",10:16:07,"ğŸ’Elitheum (ELTHM)ğŸ’
    ğŸ”¥Own Blockchain and Coin named 'CIC' is ready for launching.ğŸ”¥
    ğŸ”¥(Transaction speed  is much faster  than any other Blockchain and The Gas fee is much less than Bsc smartchain.)ğŸ”¥
    ğŸš€Marketcap is still very low.ğŸš€
    ğŸš€Great Opportunity to be a Early Holder.ğŸš€
    ğŸš€Available on PancakeswapğŸš€
    0x5774f0e73bb1c0957dd7442b2442c6f77c10aaa1"
@bestt290,"25 March, 2022",10:16:07,"ğŸ’Elitheum (ELTHM)ğŸ’
    ğŸ”¥Own Blockchain and Coin named 'CIC' is ready for launching.ğŸ”¥
    ğŸ”¥(Transaction speed  is much faster  than any other Blockchain and The Gas fee is much less than Bsc smartchain.)ğŸ”¥
    ğŸš€Marketcap is still very low.ğŸš€
    ğŸš€Great Opportunity to be a Early Holder.ğŸš€
    ğŸš€Available on PancakeswapğŸš€
    0x5774f0e73bb1c0957dd7442b2442c6f77c10aaa1"
@airdropst0kens,"25 March, 2022",10:16:07,"ğŸ’Elitheum (ELTHM)ğŸ’
    ğŸ”¥Own Blockchain and Coin named 'CIC' is ready for launching.ğŸ”¥
    ğŸ”¥(Transaction speed  is much faster  than any other Blockchain and The Gas fee is much less than Bsc smartchain.)ğŸ”¥
    ğŸš€Marketcap is still very low.ğŸš€
    ğŸš€Great Opportunity to be a Early Holder.ğŸš€
    ğŸš€Available on PancakeswapğŸš€
    0x5774f0e73bb1c0957dd7442b2442c6f77c10aaa1"
@linkshariiing,"25 March, 2022",10:17:12,"ğŸ’Elitheum (ELTHM)ğŸ’
    ğŸ”¥Own Blockchain and Coin named 'CIC' is ready for launching.ğŸ”¥
    ğŸ”¥(Transaction speed  is much faster  than any other Blockchain and The Gas fee is much less than Bsc smartchain.)ğŸ”¥
    ğŸš€Marketcap is still very low.ğŸš€
    ğŸš€Great Opportunity to be a Early Holder.ğŸš€
    ğŸš€Available on PancakeswapğŸš€
    0x5774f0e73bb1c0957dd7442b2442c6f77c10aaa1"
@validshare,"25 March, 2022",10:17:12,"ğŸ’Elitheum (ELTHM)ğŸ’
    ğŸ”¥Own Blockchain and Coin named 'CIC' is ready for launching.ğŸ”¥
    ğŸ”¥(Transaction speed  is much faster  than any other Blockchain and The Gas fee is much less than Bsc smartchain.)ğŸ”¥
    ğŸš€Marketcap is still very low.ğŸš€
    ğŸš€Great Opportunity to be a Early Holder.ğŸš€
    ğŸš€Available on PancakeswapğŸš€
    0x5774f0e73bb1c0957dd7442b2442c6f77c10aaa1"
@cryptospamss,"25 March, 2022",10:17:12,"ğŸ’Elitheum (ELTHM)ğŸ’
    ğŸ”¥Own Blockchain and Coin named 'CIC' is ready for launching.ğŸ”¥
    ğŸ”¥(Transaction speed  is much faster  than any other Blockchain and The Gas fee is much less than Bsc smartchain.)ğŸ”¥
    ğŸš€Marketcap is still very low.ğŸš€
    ğŸš€Great Opportunity to be a Early Holder.ğŸš€
    ğŸš€Available on PancakeswapğŸš€
    0x5774f0e73bb1c0957dd7442b2442c6f77c10aaa1"
@bestt2020,"25 March, 2022",10:17:12,"ğŸ’Elitheum (ELTHM)ğŸ’
    ğŸ”¥Own Blockchain and Coin named 'CIC' is ready for launching.ğŸ”¥
    ğŸ”¥(Transaction speed  is much faster  than any other Blockchain and The Gas fee is much less than Bsc smartchain.)ğŸ”¥
    ğŸš€Marketcap is still very low.ğŸš€
    ğŸš€Great Opportunity to be a Early Holder.ğŸš€
    ğŸš€Available on PancakeswapğŸš€
    0x5774f0e73bb1c0957dd7442b2442c6f77c10aaa1"
@free2020link,"25 March, 2022",10:17:12,"ğŸ’Elitheum (ELTHM)ğŸ’
    ğŸ”¥Own Blockchain and Coin named 'CIC' is ready for launching.ğŸ”¥
    ğŸ”¥(Transaction speed  is much faster  than any other Blockchain and The Gas fee is much less than Bsc smartchain.)ğŸ”¥
    ğŸš€Marketcap is still very low.ğŸš€
    ğŸš€Great Opportunity to be a Early Holder.ğŸš€
    ğŸš€Available on PancakeswapğŸš€
    0x5774f0e73bb1c0957dd7442b2442c6f77c10aaa1"
@linksss66,"25 March, 2022",10:17:12,"ğŸ’Elitheum (ELTHM)ğŸ’
    ğŸ”¥Own Blockchain and Coin named 'CIC' is ready for launching.ğŸ”¥
    ğŸ”¥(Transaction speed  is much faster  than any other Blockchain and The Gas fee is much less than Bsc smartchain.)ğŸ”¥
    ğŸš€Marketcap is still very low.ğŸš€
    ğŸš€Great Opportunity to be a Early Holder.ğŸš€
    ğŸš€Available on PancakeswapğŸš€
    0x5774f0e73bb1c0957dd7442b2442c6f77c10aaa1"
@freegroups5,"25 March, 2022",10:17:12,"ğŸ’Elitheum (ELTHM)ğŸ’
    ğŸ”¥Own Blockchain and Coin named 'CIC' is ready for launching.ğŸ”¥
    ğŸ”¥(Transaction speed  is much faster  than any other Blockchain and The Gas fee is much less than Bsc smartchain.)ğŸ”¥
    ğŸš€Marketcap is still very low.ğŸš€
    ğŸš€Great Opportunity to be a Early Holder.ğŸš€
    ğŸš€Available on PancakeswapğŸš€
    0x5774f0e73bb1c0957dd7442b2442c6f77c10aaa1"
@Cryptoad110,"25 March, 2022",10:17:12,"ğŸ’Elitheum (ELTHM)ğŸ’
    ğŸ”¥Own Blockchain and Coin named 'CIC' is ready for launching.ğŸ”¥
    ğŸ”¥(Transaction speed  is much faster  than any other Blockchain and The Gas fee is much less than Bsc smartchain.)ğŸ”¥
    ğŸš€Marketcap is still very low.ğŸš€
    ğŸš€Great Opportunity to be a Early Holder.ğŸš€
    ğŸš€Available on PancakeswapğŸš€
    0x5774f0e73bb1c0957dd7442b2442c6f77c10aaa1"
@perfectpr0ject,"25 March, 2022",10:17:12,"ğŸ’Elitheum (ELTHM)ğŸ’
    ğŸ”¥Own Blockchain and Coin named 'CIC' is ready for launching.ğŸ”¥
    ğŸ”¥(Transaction speed  is much faster  than any other Blockchain and The Gas fee is much less than Bsc smartchain.)ğŸ”¥
    ğŸš€Marketcap is still very low.ğŸš€
    ğŸš€Great Opportunity to be a Early Holder.ğŸš€
    ğŸš€Available on PancakeswapğŸš€
    0x5774f0e73bb1c0957dd7442b2442c6f77c10aaa1"
@freeeshare,"25 March, 2022",10:18:16,"ğŸ’Elitheum (ELTHM)ğŸ’
    ğŸ”¥Own Blockchain and Coin named 'CIC' is ready for launching.ğŸ”¥
    ğŸ”¥(Transaction speed  is much faster  than any other Blockchain and The Gas fee is much less than Bsc smartchain.)ğŸ”¥
    ğŸš€Marketcap is still very low.ğŸš€
    ğŸš€Great Opportunity to be a Early Holder.ğŸš€
    ğŸš€Available on PancakeswapğŸš€
    0x5774f0e73bb1c0957dd7442b2442c6f77c10aaa1"
@linksfree66,"25 March, 2022",10:18:16,"ğŸ’Elitheum (ELTHM)ğŸ’
    ğŸ”¥Own Blockchain and Coin named 'CIC' is ready for launching.ğŸ”¥
    ğŸ”¥(Transaction speed  is much faster  than any other Blockchain and The Gas fee is much less than Bsc smartchain.)ğŸ”¥
    ğŸš€Marketcap is still very low.ğŸš€
    ğŸš€Great Opportunity to be a Early Holder.ğŸš€
    ğŸš€Available on PancakeswapğŸš€
    0x5774f0e73bb1c0957dd7442b2442c6f77c10aaa1"
@bestshare66,"25 March, 2022",10:18:16,"ğŸ’Elitheum (ELTHM)ğŸ’
    ğŸ”¥Own Blockchain and Coin named 'CIC' is ready for launching.ğŸ”¥
    ğŸ”¥(Transaction speed  is much faster  than any other Blockchain and The Gas fee is much less than Bsc smartchain.)ğŸ”¥
    ğŸš€Marketcap is still very low.ğŸš€
    ğŸš€Great Opportunity to be a Early Holder.ğŸš€
    ğŸš€Available on PancakeswapğŸš€
    0x5774f0e73bb1c0957dd7442b2442c6f77c10aaa1"
@cryptoliinks,"25 March, 2022",10:18:16,"ğŸ’Elitheum (ELTHM)ğŸ’
    ğŸ”¥Own Blockchain and Coin named 'CIC' is ready for launching.ğŸ”¥
    ğŸ”¥(Transaction speed  is much faster  than any other Blockchain and The Gas fee is much less than Bsc smartchain.)ğŸ”¥
    ğŸš€Marketcap is still very low.ğŸš€
    ğŸš€Great Opportunity to be a Early Holder.ğŸš€
    ğŸš€Available on PancakeswapğŸš€
    0x5774f0e73bb1c0957dd7442b2442c6f77c10aaa1"
@spamgroups2020,"25 March, 2022",10:18:16,"ğŸ’Elitheum (ELTHM)ğŸ’
    ğŸ”¥Own Blockchain and Coin named 'CIC' is ready for launching.ğŸ”¥
    ğŸ”¥(Transaction speed  is much faster  than any other Blockchain and The Gas fee is much less than Bsc smartchain.)ğŸ”¥
    ğŸš€Marketcap is still very low.ğŸš€
    ğŸš€Great Opportunity to be a Early Holder.ğŸš€
    ğŸš€Available on PancakeswapğŸš€
    0x5774f0e73bb1c0957dd7442b2442c6f77c10aaa1"
@freelinkkss,"25 March, 2022",10:18:16,"ğŸ’Elitheum (ELTHM)ğŸ’
    ğŸ”¥Own Blockchain and Coin named 'CIC' is ready for launching.ğŸ”¥
    ğŸ”¥(Transaction speed  is much faster  than any other Blockchain and The Gas fee is much less than Bsc smartchain.)ğŸ”¥
    ğŸš€Marketcap is still very low.ğŸš€
    ğŸš€Great Opportunity to be a Early Holder.ğŸš€
    ğŸš€Available on PancakeswapğŸš€
    0x5774f0e73bb1c0957dd7442b2442c6f77c10aaa1"
@bestfreekinks,"25 March, 2022",10:18:16,"ğŸ’Elitheum (ELTHM)ğŸ’
    ğŸ”¥Own Blockchain and Coin named 'CIC' is ready for launching.ğŸ”¥
    ğŸ”¥(Transaction speed  is much faster  than any other Blockchain and The Gas fee is much less than Bsc smartchain.)ğŸ”¥
    ğŸš€Marketcap is still very low.ğŸš€
    ğŸš€Great Opportunity to be a Early Holder.ğŸš€
    ğŸš€Available on PancakeswapğŸš€
    0x5774f0e73bb1c0957dd7442b2442c6f77c10aaa1"
@bitcoinshyper,"25 March, 2022",10:18:16,"ğŸ’Elitheum (ELTHM)ğŸ’
    ğŸ”¥Own Blockchain and Coin named 'CIC' is ready for launching.ğŸ”¥
    ğŸ”¥(Transaction speed  is much faster  than any other Blockchain and The Gas fee is much less than Bsc smartchain.)ğŸ”¥
    ğŸš€Marketcap is still very low.ğŸš€
    ğŸš€Great Opportunity to be a Early Holder.ğŸš€
    ğŸš€Available on PancakeswapğŸš€
    0x5774f0e73bb1c0957dd7442b2442c6f77c10aaa1"
@crypt0india,"25 March, 2022",10:18:16,"ğŸ’Elitheum (ELTHM)ğŸ’
    ğŸ”¥Own Blockchain and Coin named 'CIC' is ready for launching.ğŸ”¥
    ğŸ”¥(Transaction speed  is much faster  than any other Blockchain and The Gas fee is much less than Bsc smartchain.)ğŸ”¥
    ğŸš€Marketcap is still very low.ğŸš€
    ğŸš€Great Opportunity to be a Early Holder.ğŸš€
    ğŸš€Available on PancakeswapğŸš€
    0x5774f0e73bb1c0957dd7442b2442c6f77c10aaa1"
@shareliiink,"25 March, 2022",10:19:23,"ğŸ’Elitheum (ELTHM)ğŸ’
    ğŸ”¥Own Blockchain and Coin named 'CIC' is ready for launching.ğŸ”¥
    ğŸ”¥(Transaction speed  is much faster  than any other Blockchain and The Gas fee is much less than Bsc smartchain.)ğŸ”¥
    ğŸš€Marketcap is still very low.ğŸš€
    ğŸš€Great Opportunity to be a Early Holder.ğŸš€
    ğŸš€Available on PancakeswapğŸš€
    0x5774f0e73bb1c0957dd7442b2442c6f77c10aaa1"
@HIGHLINK,"25 March, 2022",10:19:23,"ğŸ’Elitheum (ELTHM)ğŸ’
    ğŸ”¥Own Blockchain and Coin named 'CIC' is ready for launching.ğŸ”¥
    ğŸ”¥(Transaction speed  is much faster  than any other Blockchain and The Gas fee is much less than Bsc smartchain.)ğŸ”¥
    ğŸš€Marketcap is still very low.ğŸš€
    ğŸš€Great Opportunity to be a Early Holder.ğŸš€
    ğŸš€Available on PancakeswapğŸš€
    0x5774f0e73bb1c0957dd7442b2442c6f77c10aaa1"
@validlinks,"25 March, 2022",10:19:23,"ğŸ’Elitheum (ELTHM)ğŸ’
    ğŸ”¥Own Blockchain and Coin named 'CIC' is ready for launching.ğŸ”¥
    ğŸ”¥(Transaction speed  is much faster  than any other Blockchain and The Gas fee is much less than Bsc smartchain.)ğŸ”¥
    ğŸš€Marketcap is still very low.ğŸš€
    ğŸš€Great Opportunity to be a Early Holder.ğŸš€
    ğŸš€Available on PancakeswapğŸš€
    0x5774f0e73bb1c0957dd7442b2442c6f77c10aaa1"
@fllow2020,"25 March, 2022",10:19:23,"ğŸ’Elitheum (ELTHM)ğŸ’
    ğŸ”¥Own Blockchain and Coin named 'CIC' is ready for launching.ğŸ”¥
    ğŸ”¥(Transaction speed  is much faster  than any other Blockchain and The Gas fee is much less than Bsc smartchain.)ğŸ”¥
    ğŸš€Marketcap is still very low.ğŸš€
    ğŸš€Great Opportunity to be a Early Holder.ğŸš€
    ğŸš€Available on PancakeswapğŸš€
    0x5774f0e73bb1c0957dd7442b2442c6f77c10aaa1"
@sharelink290,"25 March, 2022",10:19:23,"ğŸ’Elitheum (ELTHM)ğŸ’
    ğŸ”¥Own Blockchain and Coin named 'CIC' is ready for launching.ğŸ”¥
    ğŸ”¥(Transaction speed  is much faster  than any other Blockchain and The Gas fee is much less than Bsc smartchain.)ğŸ”¥
    ğŸš€Marketcap is still very low.ğŸš€
    ğŸš€Great Opportunity to be a Early Holder.ğŸš€
    ğŸš€Available on PancakeswapğŸš€
    0x5774f0e73bb1c0957dd7442b2442c6f77c10aaa1"
@validfreelinks,"25 March, 2022",10:19:23,"ğŸ’Elitheum (ELTHM)ğŸ’
    ğŸ”¥Own Blockchain and Coin named 'CIC' is ready for launching.ğŸ”¥
    ğŸ”¥(Transaction speed  is much faster  than any other Blockchain and The Gas fee is much less than Bsc smartchain.)ğŸ”¥
    ğŸš€Marketcap is still very low.ğŸš€
    ğŸš€Great Opportunity to be a Early Holder.ğŸš€
    ğŸš€Available on PancakeswapğŸš€
    0x5774f0e73bb1c0957dd7442b2442c6f77c10aaa1"
@zoom_crypto,"25 March, 2022",10:19:23,"ğŸ’Elitheum (ELTHM)ğŸ’
    ğŸ”¥Own Blockchain and Coin named 'CIC' is ready for launching.ğŸ”¥
    ğŸ”¥(Transaction speed  is much faster  than any other Blockchain and The Gas fee is much less than Bsc smartchain.)ğŸ”¥
    ğŸš€Marketcap is still very low.ğŸš€
    ğŸš€Great Opportunity to be a Early Holder.ğŸš€
    ğŸš€Available on PancakeswapğŸš€
    0x5774f0e73bb1c0957dd7442b2442c6f77c10aaa1"
@airdroop20,"25 March, 2022",10:20:26,"ğŸ’Elitheum (ELTHM)ğŸ’
    ğŸ”¥Own Blockchain and Coin named 'CIC' is ready for launching.ğŸ”¥
    ğŸ”¥(Transaction speed  is much faster  than any other Blockchain and The Gas fee is much less than Bsc smartchain.)ğŸ”¥
    ğŸš€Marketcap is still very low.ğŸš€
    ğŸš€Great Opportunity to be a Early Holder.ğŸš€
    ğŸš€Available on PancakeswapğŸš€
    0x5774f0e73bb1c0957dd7442b2442c6f77c10aaa1"
@airdroplink3,"25 March, 2022",10:20:26,"ğŸ’Elitheum (ELTHM)ğŸ’
    ğŸ”¥Own Blockchain and Coin named 'CIC' is ready for launching.ğŸ”¥
    ğŸ”¥(Transaction speed  is much faster  than any other Blockchain and The Gas fee is much less than Bsc smartchain.)ğŸ”¥
    ğŸš€Marketcap is still very low.ğŸš€
    ğŸš€Great Opportunity to be a Early Holder.ğŸš€
    ğŸš€Available on PancakeswapğŸš€
    0x5774f0e73bb1c0957dd7442b2442c6f77c10aaa1"
@sharelink666,"25 March, 2022",10:20:26,"ğŸ’Elitheum (ELTHM)ğŸ’
    ğŸ”¥Own Blockchain and Coin named 'CIC' is ready for launching.ğŸ”¥
    ğŸ”¥(Transaction speed  is much faster  than any other Blockchain and The Gas fee is much less than Bsc smartchain.)ğŸ”¥
    ğŸš€Marketcap is still very low.ğŸš€
    ğŸš€Great Opportunity to be a Early Holder.ğŸš€
    ğŸš€Available on PancakeswapğŸš€
    0x5774f0e73bb1c0957dd7442b2442c6f77c10aaa1"
@groupfreelink,"25 March, 2022",10:20:26,"ğŸ’Elitheum (ELTHM)ğŸ’
    ğŸ”¥Own Blockchain and Coin named 'CIC' is ready for launching.ğŸ”¥
    ğŸ”¥(Transaction speed  is much faster  than any other Blockchain and The Gas fee is much less than Bsc smartchain.)ğŸ”¥
    ğŸš€Marketcap is still very low.ğŸš€
    ğŸš€Great Opportunity to be a Early Holder.ğŸš€
    ğŸš€Available on PancakeswapğŸš€
    0x5774f0e73bb1c0957dd7442b2442c6f77c10aaa1"
@shareliink2020,"25 March, 2022",10:20:26,"ğŸ’Elitheum (ELTHM)ğŸ’
    ğŸ”¥Own Blockchain and Coin named 'CIC' is ready for launching.ğŸ”¥
    ğŸ”¥(Transaction speed  is much faster  than any other Blockchain and The Gas fee is much less than Bsc smartchain.)ğŸ”¥
    ğŸš€Marketcap is still very low.ğŸš€
    ğŸš€Great Opportunity to be a Early Holder.ğŸš€
    ğŸš€Available on PancakeswapğŸš€
    0x5774f0e73bb1c0957dd7442b2442c6f77c10aaa1"
@groupsfree55,"25 March, 2022",10:20:26,"ğŸ’Elitheum (ELTHM)ğŸ’
    ğŸ”¥Own Blockchain and Coin named 'CIC' is ready for launching.ğŸ”¥
    ğŸ”¥(Transaction speed  is much faster  than any other Blockchain and The Gas fee is much less than Bsc smartchain.)ğŸ”¥
    ğŸš€Marketcap is still very low.ğŸš€
    ğŸš€Great Opportunity to be a Early Holder.ğŸš€
    ğŸš€Available on PancakeswapğŸš€
    0x5774f0e73bb1c0957dd7442b2442c6f77c10aaa1"
@freelinkspam,"25 March, 2022",10:20:26,"ğŸ’Elitheum (ELTHM)ğŸ’
    ğŸ”¥Own Blockchain and Coin named 'CIC' is ready for launching.ğŸ”¥
    ğŸ”¥(Transaction speed  is much faster  than any other Blockchain and The Gas fee is much less than Bsc smartchain.)ğŸ”¥
    ğŸš€Marketcap is still very low.ğŸš€
    ğŸš€Great Opportunity to be a Early Holder.ğŸš€
    ğŸš€Available on PancakeswapğŸš€
    0x5774f0e73bb1c0957dd7442b2442c6f77c10aaa1"
@btcpr0jects,"25 March, 2022",10:20:26,"ğŸ’Elitheum (ELTHM)ğŸ’
    ğŸ”¥Own Blockchain and Coin named 'CIC' is ready for launching.ğŸ”¥
    ğŸ”¥(Transaction speed  is much faster  than any other Blockchain and The Gas fee is much less than Bsc smartchain.)ğŸ”¥
    ğŸš€Marketcap is still very low.ğŸš€
    ğŸš€Great Opportunity to be a Early Holder.ğŸš€
    ğŸš€Available on PancakeswapğŸš€
    0x5774f0e73bb1c0957dd7442b2442c6f77c10aaa1"
@currrency2020,"25 March, 2022",10:21:31,"ğŸ’Elitheum (ELTHM)ğŸ’
    ğŸ”¥Own Blockchain and Coin named 'CIC' is ready for launching.ğŸ”¥
    ğŸ”¥(Transaction speed  is much faster  than any other Blockchain and The Gas fee is much less than Bsc smartchain.)ğŸ”¥
    ğŸš€Marketcap is still very low.ğŸš€
    ğŸš€Great Opportunity to be a Early Holder.ğŸš€
    ğŸš€Available on PancakeswapğŸš€
    0x5774f0e73bb1c0957dd7442b2442c6f77c10aaa1"
@linkfree55,"25 March, 2022",10:21:31,"ğŸ’Elitheum (ELTHM)ğŸ’
    ğŸ”¥Own Blockchain and Coin named 'CIC' is ready for launching.ğŸ”¥
    ğŸ”¥(Transaction speed  is much faster  than any other Blockchain and The Gas fee is much less than Bsc smartchain.)ğŸ”¥
    ğŸš€Marketcap is still very low.ğŸš€
    ğŸš€Great Opportunity to be a Early Holder.ğŸš€
    ğŸš€Available on PancakeswapğŸš€
    0x5774f0e73bb1c0957dd7442b2442c6f77c10aaa1"
@linksnew290,"25 March, 2022",10:21:31,"ğŸ’Elitheum (ELTHM)ğŸ’
    ğŸ”¥Own Blockchain and Coin named 'CIC' is ready for launching.ğŸ”¥
    ğŸ”¥(Transaction speed  is much faster  than any other Blockchain and The Gas fee is much less than Bsc smartchain.)ğŸ”¥
    ğŸš€Marketcap is still very low.ğŸš€
    ğŸš€Great Opportunity to be a Early Holder.ğŸš€
    ğŸš€Available on PancakeswapğŸš€
    0x5774f0e73bb1c0957dd7442b2442c6f77c10aaa1"
@freelinkgroups,"25 March, 2022",10:21:31,"ğŸ’Elitheum (ELTHM)ğŸ’
    ğŸ”¥Own Blockchain and Coin named 'CIC' is ready for launching.ğŸ”¥
    ğŸ”¥(Transaction speed  is much faster  than any other Blockchain and The Gas fee is much less than Bsc smartchain.)ğŸ”¥
    ğŸš€Marketcap is still very low.ğŸš€
    ğŸš€Great Opportunity to be a Early Holder.ğŸš€
    ğŸš€Available on PancakeswapğŸš€
    0x5774f0e73bb1c0957dd7442b2442c6f77c10aaa1"
@linkgroups20,"25 March, 2022",10:21:31,"ğŸ’Elitheum (ELTHM)ğŸ’
    ğŸ”¥Own Blockchain and Coin named 'CIC' is ready for launching.ğŸ”¥
    ğŸ”¥(Transaction speed  is much faster  than any other Blockchain and The Gas fee is much less than Bsc smartchain.)ğŸ”¥
    ğŸš€Marketcap is still very low.ğŸš€
    ğŸš€Great Opportunity to be a Early Holder.ğŸš€
    ğŸš€Available on PancakeswapğŸš€
    0x5774f0e73bb1c0957dd7442b2442c6f77c10aaa1"
@goodfreelinks,"25 March, 2022",10:21:31,"ğŸ’Elitheum (ELTHM)ğŸ’
    ğŸ”¥Own Blockchain and Coin named 'CIC' is ready for launching.ğŸ”¥
    ğŸ”¥(Transaction speed  is much faster  than any other Blockchain and The Gas fee is much less than Bsc smartchain.)ğŸ”¥
    ğŸš€Marketcap is still very low.ğŸš€
    ğŸš€Great Opportunity to be a Early Holder.ğŸš€
    ğŸš€Available on PancakeswapğŸš€
    0x5774f0e73bb1c0957dd7442b2442c6f77c10aaa1"
@crypt0station,"25 March, 2022",10:21:31,"ğŸ’Elitheum (ELTHM)ğŸ’
    ğŸ”¥Own Blockchain and Coin named 'CIC' is ready for launching.ğŸ”¥
    ğŸ”¥(Transaction speed  is much faster  than any other Blockchain and The Gas fee is much less than Bsc smartchain.)ğŸ”¥
    ğŸš€Marketcap is still very low.ğŸš€
    ğŸš€Great Opportunity to be a Early Holder.ğŸš€
    ğŸš€Available on PancakeswapğŸš€
    0x5774f0e73bb1c0957dd7442b2442c6f77c10aaa1"
@liiinkfree,"25 March, 2022",10:22:34,"ğŸ’Elitheum (ELTHM)ğŸ’
    ğŸ”¥Own Blockchain and Coin named 'CIC' is ready for launching.ğŸ”¥
    ğŸ”¥(Transaction speed  is much faster  than any other Blockchain and The Gas fee is much less than Bsc smartchain.)ğŸ”¥
    ğŸš€Marketcap is still very low.ğŸš€
    ğŸš€Great Opportunity to be a Early Holder.ğŸš€
    ğŸš€Available on PancakeswapğŸš€
    0x5774f0e73bb1c0957dd7442b2442c6f77c10aaa1"
@linksgroup10,"25 March, 2022",10:22:34,"ğŸ’Elitheum (ELTHM)ğŸ’
    ğŸ”¥Own Blockchain and Coin named 'CIC' is ready for launching.ğŸ”¥
    ğŸ”¥(Transaction speed  is much faster  than any other Blockchain and The Gas fee is much less than Bsc smartchain.)ğŸ”¥
    ğŸš€Marketcap is still very low.ğŸš€
    ğŸš€Great Opportunity to be a Early Holder.ğŸš€
    ğŸš€Available on PancakeswapğŸš€
    0x5774f0e73bb1c0957dd7442b2442c6f77c10aaa1"
@perfectgroup10,"25 March, 2022",10:22:34,"ğŸ’Elitheum (ELTHM)ğŸ’
    ğŸ”¥Own Blockchain and Coin named 'CIC' is ready for launching.ğŸ”¥
    ğŸ”¥(Transaction speed  is much faster  than any other Blockchain and The Gas fee is much less than Bsc smartchain.)ğŸ”¥
    ğŸš€Marketcap is still very low.ğŸš€
    ğŸš€Great Opportunity to be a Early Holder.ğŸš€
    ğŸš€Available on PancakeswapğŸš€
    0x5774f0e73bb1c0957dd7442b2442c6f77c10aaa1"
@newcryptogroups,"25 March, 2022",10:22:34,"ğŸ’Elitheum (ELTHM)ğŸ’
    ğŸ”¥Own Blockchain and Coin named 'CIC' is ready for launching.ğŸ”¥
    ğŸ”¥(Transaction speed  is much faster  than any other Blockchain and The Gas fee is much less than Bsc smartchain.)ğŸ”¥
    ğŸš€Marketcap is still very low.ğŸš€
    ğŸš€Great Opportunity to be a Early Holder.ğŸš€
    ğŸš€Available on PancakeswapğŸš€
    0x5774f0e73bb1c0957dd7442b2442c6f77c10aaa1"
@newgroups2020,"25 March, 2022",10:22:34,"ğŸ’Elitheum (ELTHM)ğŸ’
    ğŸ”¥Own Blockchain and Coin named 'CIC' is ready for launching.ğŸ”¥
    ğŸ”¥(Transaction speed  is much faster  than any other Blockchain and The Gas fee is much less than Bsc smartchain.)ğŸ”¥
    ğŸš€Marketcap is still very low.ğŸš€
    ğŸš€Great Opportunity to be a Early Holder.ğŸš€
    ğŸš€Available on PancakeswapğŸš€
    0x5774f0e73bb1c0957dd7442b2442c6f77c10aaa1"
@freecryptolinks3,"25 March, 2022",10:22:34,"ğŸ’Elitheum (ELTHM)ğŸ’
    ğŸ”¥Own Blockchain and Coin named 'CIC' is ready for launching.ğŸ”¥
    ğŸ”¥(Transaction speed  is much faster  than any other Blockchain and The Gas fee is much less than Bsc smartchain.)ğŸ”¥
    ğŸš€Marketcap is still very low.ğŸš€
    ğŸš€Great Opportunity to be a Early Holder.ğŸš€
    ğŸš€Available on PancakeswapğŸš€
    0x5774f0e73bb1c0957dd7442b2442c6f77c10aaa1"
@hotnewscrypt0,"25 March, 2022",10:22:34,"ğŸ’Elitheum (ELTHM)ğŸ’
    ğŸ”¥Own Blockchain and Coin named 'CIC' is ready for launching.ğŸ”¥
    ğŸ”¥(Transaction speed  is much faster  than any other Blockchain and The Gas fee is much less than Bsc smartchain.)ğŸ”¥
    ğŸš€Marketcap is still very low.ğŸš€
    ğŸš€Great Opportunity to be a Early Holder.ğŸš€
    ğŸš€Available on PancakeswapğŸš€
    0x5774f0e73bb1c0957dd7442b2442c6f77c10aaa1"
@sharelink110,"25 March, 2022",10:23:39,"ğŸ’Elitheum (ELTHM)ğŸ’
    ğŸ”¥Own Blockchain and Coin named 'CIC' is ready for launching.ğŸ”¥
    ğŸ”¥(Transaction speed  is much faster  than any other Blockchain and The Gas fee is much less than Bsc smartchain.)ğŸ”¥
    ğŸš€Marketcap is still very low.ğŸš€
    ğŸš€Great Opportunity to be a Early Holder.ğŸš€
    ğŸš€Available on PancakeswapğŸš€
    0x5774f0e73bb1c0957dd7442b2442c6f77c10aaa1"
@cryptofreelink1,"25 March, 2022",10:23:39,"ğŸ’Elitheum (ELTHM)ğŸ’
    ğŸ”¥Own Blockchain and Coin named 'CIC' is ready for launching.ğŸ”¥
    ğŸ”¥(Transaction speed  is much faster  than any other Blockchain and The Gas fee is much less than Bsc smartchain.)ğŸ”¥
    ğŸš€Marketcap is still very low.ğŸš€
    ğŸš€Great Opportunity to be a Early Holder.ğŸš€
    ğŸš€Available on PancakeswapğŸš€
    0x5774f0e73bb1c0957dd7442b2442c6f77c10aaa1"
@newsitelink,"25 March, 2022",10:23:39,"ğŸ’Elitheum (ELTHM)ğŸ’
    ğŸ”¥Own Blockchain and Coin named 'CIC' is ready for launching.ğŸ”¥
    ğŸ”¥(Transaction speed  is much faster  than any other Blockchain and The Gas fee is much less than Bsc smartchain.)ğŸ”¥
    ğŸš€Marketcap is still very low.ğŸš€
    ğŸš€Great Opportunity to be a Early Holder.ğŸš€
    ğŸš€Available on PancakeswapğŸš€
    0x5774f0e73bb1c0957dd7442b2442c6f77c10aaa1"
@cryptolinksgroup,"25 March, 2022",10:23:39,"ğŸ’Elitheum (ELTHM)ğŸ’
    ğŸ”¥Own Blockchain and Coin named 'CIC' is ready for launching.ğŸ”¥
    ğŸ”¥(Transaction speed  is much faster  than any other Blockchain and The Gas fee is much less than Bsc smartchain.)ğŸ”¥
    ğŸš€Marketcap is still very low.ğŸš€
    ğŸš€Great Opportunity to be a Early Holder.ğŸš€
    ğŸš€Available on PancakeswapğŸš€
    0x5774f0e73bb1c0957dd7442b2442c6f77c10aaa1"
@spamgroups45,"25 March, 2022",10:23:39,"ğŸ’Elitheum (ELTHM)ğŸ’
    ğŸ”¥Own Blockchain and Coin named 'CIC' is ready for launching.ğŸ”¥
    ğŸ”¥(Transaction speed  is much faster  than any other Blockchain and The Gas fee is much less than Bsc smartchain.)ğŸ”¥
    ğŸš€Marketcap is still very low.ğŸš€
    ğŸš€Great Opportunity to be a Early Holder.ğŸš€
    ğŸš€Available on PancakeswapğŸš€
    0x5774f0e73bb1c0957dd7442b2442c6f77c10aaa1"
@miniingcrypt0,"25 March, 2022",10:23:39,"ğŸ’Elitheum (ELTHM)ğŸ’
    ğŸ”¥Own Blockchain and Coin named 'CIC' is ready for launching.ğŸ”¥
    ğŸ”¥(Transaction speed  is much faster  than any other Blockchain and The Gas fee is much less than Bsc smartchain.)ğŸ”¥
    ğŸš€Marketcap is still very low.ğŸš€
    ğŸš€Great Opportunity to be a Early Holder.ğŸš€
    ğŸš€Available on PancakeswapğŸš€
    0x5774f0e73bb1c0957dd7442b2442c6f77c10aaa1"
@spamlink110,"25 March, 2022",10:24:44,"ğŸ’Elitheum (ELTHM)ğŸ’
    ğŸ”¥Own Blockchain and Coin named 'CIC' is ready for launching.ğŸ”¥
    ğŸ”¥(Transaction speed  is much faster  than any other Blockchain and The Gas fee is much less than Bsc smartchain.)ğŸ”¥
    ğŸš€Marketcap is still very low.ğŸš€
    ğŸš€Great Opportunity to be a Early Holder.ğŸš€
    ğŸš€Available on PancakeswapğŸš€
    0x5774f0e73bb1c0957dd7442b2442c6f77c10aaa1"
@bestgroup30,"25 March, 2022",10:24:44,"ğŸ’Elitheum (ELTHM)ğŸ’
    ğŸ”¥Own Blockchain and Coin named 'CIC' is ready for launching.ğŸ”¥
    ğŸ”¥(Transaction speed  is much faster  than any other Blockchain and The Gas fee is much less than Bsc smartchain.)ğŸ”¥
    ğŸš€Marketcap is still very low.ğŸš€
    ğŸš€Great Opportunity to be a Early Holder.ğŸš€
    ğŸš€Available on PancakeswapğŸš€
    0x5774f0e73bb1c0957dd7442b2442c6f77c10aaa1"
@goodlinks110,"25 March, 2022",10:24:44,"ğŸ’Elitheum (ELTHM)ğŸ’
    ğŸ”¥Own Blockchain and Coin named 'CIC' is ready for launching.ğŸ”¥
    ğŸ”¥(Transaction speed  is much faster  than any other Blockchain and The Gas fee is much less than Bsc smartchain.)ğŸ”¥
    ğŸš€Marketcap is still very low.ğŸš€
    ğŸš€Great Opportunity to be a Early Holder.ğŸš€
    ğŸš€Available on PancakeswapğŸš€
    0x5774f0e73bb1c0957dd7442b2442c6f77c10aaa1"
@newsharelinks,"25 March, 2022",10:24:44,"ğŸ’Elitheum (ELTHM)ğŸ’
    ğŸ”¥Own Blockchain and Coin named 'CIC' is ready for launching.ğŸ”¥
    ğŸ”¥(Transaction speed  is much faster  than any other Blockchain and The Gas fee is much less than Bsc smartchain.)ğŸ”¥
    ğŸš€Marketcap is still very low.ğŸš€
    ğŸš€Great Opportunity to be a Early Holder.ğŸš€
    ğŸš€Available on PancakeswapğŸš€
    0x5774f0e73bb1c0957dd7442b2442c6f77c10aaa1"
@cryptoo66,"25 March, 2022",10:24:44,"ğŸ’Elitheum (ELTHM)ğŸ’
    ğŸ”¥Own Blockchain and Coin named 'CIC' is ready for launching.ğŸ”¥
    ğŸ”¥(Transaction speed  is much faster  than any other Blockchain and The Gas fee is much less than Bsc smartchain.)ğŸ”¥
    ğŸš€Marketcap is still very low.ğŸš€
    ğŸš€Great Opportunity to be a Early Holder.ğŸš€
    ğŸš€Available on PancakeswapğŸš€
    0x5774f0e73bb1c0957dd7442b2442c6f77c10aaa1"
@newshare11,"25 March, 2022",10:25:50,"ğŸ’Elitheum (ELTHM)ğŸ’
    ğŸ”¥Own Blockchain and Coin named 'CIC' is ready for launching.ğŸ”¥
    ğŸ”¥(Transaction speed  is much faster  than any other Blockchain and The Gas fee is much less than Bsc smartchain.)ğŸ”¥
    ğŸš€Marketcap is still very low.ğŸš€
    ğŸš€Great Opportunity to be a Early Holder.ğŸš€
    ğŸš€Available on PancakeswapğŸš€
    0x5774f0e73bb1c0957dd7442b2442c6f77c10aaa1"
@grouplink290,"25 March, 2022",10:25:50,"ğŸ’Elitheum (ELTHM)ğŸ’
    ğŸ”¥Own Blockchain and Coin named 'CIC' is ready for launching.ğŸ”¥
    ğŸ”¥(Transaction speed  is much faster  than any other Blockchain and The Gas fee is much less than Bsc smartchain.)ğŸ”¥
    ğŸš€Marketcap is still very low.ğŸš€
    ğŸš€Great Opportunity to be a Early Holder.ğŸš€
    ğŸš€Available on PancakeswapğŸš€
    0x5774f0e73bb1c0957dd7442b2442c6f77c10aaa1"
@cryptooo10,"25 March, 2022",10:25:50,"ğŸ’Elitheum (ELTHM)ğŸ’
    ğŸ”¥Own Blockchain and Coin named 'CIC' is ready for launching.ğŸ”¥
    ğŸ”¥(Transaction speed  is much faster  than any other Blockchain and The Gas fee is much less than Bsc smartchain.)ğŸ”¥
    ğŸš€Marketcap is still very low.ğŸš€
    ğŸš€Great Opportunity to be a Early Holder.ğŸš€
    ğŸš€Available on PancakeswapğŸš€
    0x5774f0e73bb1c0957dd7442b2442c6f77c10aaa1"
@moneyincrypt0,"25 March, 2022",10:25:50,"ğŸ’Elitheum (ELTHM)ğŸ’
    ğŸ”¥Own Blockchain and Coin named 'CIC' is ready for launching.ğŸ”¥
    ğŸ”¥(Transaction speed  is much faster  than any other Blockchain and The Gas fee is much less than Bsc smartchain.)ğŸ”¥
    ğŸš€Marketcap is still very low.ğŸš€
    ğŸš€Great Opportunity to be a Early Holder.ğŸš€
    ğŸš€Available on PancakeswapğŸš€
    0x5774f0e73bb1c0957dd7442b2442c6f77c10aaa1"
@airdroppr0jects,"25 March, 2022",10:25:50,"ğŸ’Elitheum (ELTHM)ğŸ’
    ğŸ”¥Own Blockchain and Coin named 'CIC' is ready for launching.ğŸ”¥
    ğŸ”¥(Transaction speed  is much faster  than any other Blockchain and The Gas fee is much less than Bsc smartchain.)ğŸ”¥
    ğŸš€Marketcap is still very low.ğŸš€
    ğŸš€Great Opportunity to be a Early Holder.ğŸš€
    ğŸš€Available on PancakeswapğŸš€
    0x5774f0e73bb1c0957dd7442b2442c6f77c10aaa1"
@spamnew20,"25 March, 2022",10:26:53,"ğŸ’Elitheum (ELTHM)ğŸ’
    ğŸ”¥Own Blockchain and Coin named 'CIC' is ready for launching.ğŸ”¥
    ğŸ”¥(Transaction speed  is much faster  than any other Blockchain and The Gas fee is much less than Bsc smartchain.)ğŸ”¥
    ğŸš€Marketcap is still very low.ğŸš€
    ğŸš€Great Opportunity to be a Early Holder.ğŸš€
    ğŸš€Available on PancakeswapğŸš€
    0x5774f0e73bb1c0957dd7442b2442c6f77c10aaa1"
@validgr0up,"25 March, 2022",10:26:53,"ğŸ’Elitheum (ELTHM)ğŸ’
    ğŸ”¥Own Blockchain and Coin named 'CIC' is ready for launching.ğŸ”¥
    ğŸ”¥(Transaction speed  is much faster  than any other Blockchain and The Gas fee is much less than Bsc smartchain.)ğŸ”¥
    ğŸš€Marketcap is still very low.ğŸš€
    ğŸš€Great Opportunity to be a Early Holder.ğŸš€
    ğŸš€Available on PancakeswapğŸš€
    0x5774f0e73bb1c0957dd7442b2442c6f77c10aaa1"
@linksfreee67,"25 March, 2022",10:26:53,"ğŸ’Elitheum (ELTHM)ğŸ’
    ğŸ”¥Own Blockchain and Coin named 'CIC' is ready for launching.ğŸ”¥
    ğŸ”¥(Transaction speed  is much faster  than any other Blockchain and The Gas fee is much less than Bsc smartchain.)ğŸ”¥
    ğŸš€Marketcap is still very low.ğŸš€
    ğŸš€Great Opportunity to be a Early Holder.ğŸš€
    ğŸš€Available on PancakeswapğŸš€
    0x5774f0e73bb1c0957dd7442b2442c6f77c10aaa1"
@sharinglinkss,"25 March, 2022",10:26:53,"ğŸ’Elitheum (ELTHM)ğŸ’
    ğŸ”¥Own Blockchain and Coin named 'CIC' is ready for launching.ğŸ”¥
    ğŸ”¥(Transaction speed  is much faster  than any other Blockchain and The Gas fee is much less than Bsc smartchain.)ğŸ”¥
    ğŸš€Marketcap is still very low.ğŸš€
    ğŸš€Great Opportunity to be a Early Holder.ğŸš€
    ğŸš€Available on PancakeswapğŸš€
    0x5774f0e73bb1c0957dd7442b2442c6f77c10aaa1"
@graber2020,"25 March, 2022",10:26:53,"ğŸ’Elitheum (ELTHM)ğŸ’
    ğŸ”¥Own Blockchain and Coin named 'CIC' is ready for launching.ğŸ”¥
    ğŸ”¥(Transaction speed  is much faster  than any other Blockchain and The Gas fee is much less than Bsc smartchain.)ğŸ”¥
    ğŸš€Marketcap is still very low.ğŸš€
    ğŸš€Great Opportunity to be a Early Holder.ğŸš€
    ğŸš€Available on PancakeswapğŸš€
    0x5774f0e73bb1c0957dd7442b2442c6f77c10aaa1"
@cryptoclub290,"25 March, 2022",10:26:53,"ğŸ’Elitheum (ELTHM)ğŸ’
    ğŸ”¥Own Blockchain and Coin named 'CIC' is ready for launching.ğŸ”¥
    ğŸ”¥(Transaction speed  is much faster  than any other Blockchain and The Gas fee is much less than Bsc smartchain.)ğŸ”¥
    ğŸš€Marketcap is still very low.ğŸš€
    ğŸš€Great Opportunity to be a Early Holder.ğŸš€
    ğŸš€Available on PancakeswapğŸš€
    0x5774f0e73bb1c0957dd7442b2442c6f77c10aaa1"
@spamcryptoo,"25 March, 2022",10:27:57,"ğŸ’Elitheum (ELTHM)ğŸ’
    ğŸ”¥Own Blockchain and Coin named 'CIC' is ready for launching.ğŸ”¥
    ğŸ”¥(Transaction speed  is much faster  than any other Blockchain and The Gas fee is much less than Bsc smartchain.)ğŸ”¥
    ğŸš€Marketcap is still very low.ğŸš€
    ğŸš€Great Opportunity to be a Early Holder.ğŸš€
    ğŸš€Available on PancakeswapğŸš€
    0x5774f0e73bb1c0957dd7442b2442c6f77c10aaa1"
@newlink11,"25 March, 2022",10:27:57,"ğŸ’Elitheum (ELTHM)ğŸ’
    ğŸ”¥Own Blockchain and Coin named 'CIC' is ready for launching.ğŸ”¥
    ğŸ”¥(Transaction speed  is much faster  than any other Blockchain and The Gas fee is much less than Bsc smartchain.)ğŸ”¥
    ğŸš€Marketcap is still very low.ğŸš€
    ğŸš€Great Opportunity to be a Early Holder.ğŸš€
    ğŸš€Available on PancakeswapğŸš€
    0x5774f0e73bb1c0957dd7442b2442c6f77c10aaa1"
@newspam66,"25 March, 2022",10:27:57,"ğŸ’Elitheum (ELTHM)ğŸ’
    ğŸ”¥Own Blockchain and Coin named 'CIC' is ready for launching.ğŸ”¥
    ğŸ”¥(Transaction speed  is much faster  than any other Blockchain and The Gas fee is much less than Bsc smartchain.)ğŸ”¥
    ğŸš€Marketcap is still very low.ğŸš€
    ğŸš€Great Opportunity to be a Early Holder.ğŸš€
    ğŸš€Available on PancakeswapğŸš€
    0x5774f0e73bb1c0957dd7442b2442c6f77c10aaa1"
@freespam11,"25 March, 2022",10:27:57,"ğŸ’Elitheum (ELTHM)ğŸ’
    ğŸ”¥Own Blockchain and Coin named 'CIC' is ready for launching.ğŸ”¥
    ğŸ”¥(Transaction speed  is much faster  than any other Blockchain and The Gas fee is much less than Bsc smartchain.)ğŸ”¥
    ğŸš€Marketcap is still very low.ğŸš€
    ğŸš€Great Opportunity to be a Early Holder.ğŸš€
    ğŸš€Available on PancakeswapğŸš€
    0x5774f0e73bb1c0957dd7442b2442c6f77c10aaa1"
@besttproject,"25 March, 2022",10:27:57,"ğŸ’Elitheum (ELTHM)ğŸ’
    ğŸ”¥Own Blockchain and Coin named 'CIC' is ready for launching.ğŸ”¥
    ğŸ”¥(Transaction speed  is much faster  than any other Blockchain and The Gas fee is much less than Bsc smartchain.)ğŸ”¥
    ğŸš€Marketcap is still very low.ğŸš€
    ğŸš€Great Opportunity to be a Early Holder.ğŸš€
    ğŸš€Available on PancakeswapğŸš€
    0x5774f0e73bb1c0957dd7442b2442c6f77c10aaa1"
@coins290,"25 March, 2022",10:27:57,"ğŸ’Elitheum (ELTHM)ğŸ’
    ğŸ”¥Own Blockchain and Coin named 'CIC' is ready for launching.ğŸ”¥
    ğŸ”¥(Transaction speed  is much faster  than any other Blockchain and The Gas fee is much less than Bsc smartchain.)ğŸ”¥
    ğŸš€Marketcap is still very low.ğŸš€
    ğŸš€Great Opportunity to be a Early Holder.ğŸš€
    ğŸš€Available on PancakeswapğŸš€
    0x5774f0e73bb1c0957dd7442b2442c6f77c10aaa1"
@freelinks20,"25 March, 2022",10:29:02,"ğŸ’Elitheum (ELTHM)ğŸ’
    ğŸ”¥Own Blockchain and Coin named 'CIC' is ready for launching.ğŸ”¥
    ğŸ”¥(Transaction speed  is much faster  than any other Blockchain and The Gas fee is much less than Bsc smartchain.)ğŸ”¥
    ğŸš€Marketcap is still very low.ğŸš€
    ğŸš€Great Opportunity to be a Early Holder.ğŸš€
    ğŸš€Available on PancakeswapğŸš€
    0x5774f0e73bb1c0957dd7442b2442c6f77c10aaa1"
@spams111,"25 March, 2022",10:29:02,"ğŸ’Elitheum (ELTHM)ğŸ’
    ğŸ”¥Own Blockchain and Coin named 'CIC' is ready for launching.ğŸ”¥
    ğŸ”¥(Transaction speed  is much faster  than any other Blockchain and The Gas fee is much less than Bsc smartchain.)ğŸ”¥
    ğŸš€Marketcap is still very low.ğŸš€
    ğŸš€Great Opportunity to be a Early Holder.ğŸš€
    ğŸš€Available on PancakeswapğŸš€
    0x5774f0e73bb1c0957dd7442b2442c6f77c10aaa1"
@links998,"25 March, 2022",10:29:02,"ğŸ’Elitheum (ELTHM)ğŸ’
    ğŸ”¥Own Blockchain and Coin named 'CIC' is ready for launching.ğŸ”¥
    ğŸ”¥(Transaction speed  is much faster  than any other Blockchain and The Gas fee is much less than Bsc smartchain.)ğŸ”¥
    ğŸš€Marketcap is still very low.ğŸš€
    ğŸš€Great Opportunity to be a Early Holder.ğŸš€
    ğŸš€Available on PancakeswapğŸš€
    0x5774f0e73bb1c0957dd7442b2442c6f77c10aaa1"
@sharelinks5,"25 March, 2022",10:29:02,"ğŸ’Elitheum (ELTHM)ğŸ’
    ğŸ”¥Own Blockchain and Coin named 'CIC' is ready for launching.ğŸ”¥
    ğŸ”¥(Transaction speed  is much faster  than any other Blockchain and The Gas fee is much less than Bsc smartchain.)ğŸ”¥
    ğŸš€Marketcap is still very low.ğŸš€
    ğŸš€Great Opportunity to be a Early Holder.ğŸš€
    ğŸš€Available on PancakeswapğŸš€
    0x5774f0e73bb1c0957dd7442b2442c6f77c10aaa1"
@freelinks290,"25 March, 2022",10:29:02,"ğŸ’Elitheum (ELTHM)ğŸ’
    ğŸ”¥Own Blockchain and Coin named 'CIC' is ready for launching.ğŸ”¥
    ğŸ”¥(Transaction speed  is much faster  than any other Blockchain and The Gas fee is much less than Bsc smartchain.)ğŸ”¥
    ğŸš€Marketcap is still very low.ğŸš€
    ğŸš€Great Opportunity to be a Early Holder.ğŸš€
    ğŸš€Available on PancakeswapğŸš€
    0x5774f0e73bb1c0957dd7442b2442c6f77c10aaa1"
@spamfreelinks55,"25 March, 2022",10:29:02,"ğŸ’Elitheum (ELTHM)ğŸ’
    ğŸ”¥Own Blockchain and Coin named 'CIC' is ready for launching.ğŸ”¥
    ğŸ”¥(Transaction speed  is much faster  than any other Blockchain and The Gas fee is much less than Bsc smartchain.)ğŸ”¥
    ğŸš€Marketcap is still very low.ğŸš€
    ğŸš€Great Opportunity to be a Early Holder.ğŸš€
    ğŸš€Available on PancakeswapğŸš€
    0x5774f0e73bb1c0957dd7442b2442c6f77c10aaa1"
@cryptocash2022,"25 March, 2022",10:29:02,"ğŸ’Elitheum (ELTHM)ğŸ’
    ğŸ”¥Own Blockchain and Coin named 'CIC' is ready for launching.ğŸ”¥
    ğŸ”¥(Transaction speed  is much faster  than any other Blockchain and The Gas fee is much less than Bsc smartchain.)ğŸ”¥
    ğŸš€Marketcap is still very low.ğŸš€
    ğŸš€Great Opportunity to be a Early Holder.ğŸš€
    ğŸš€Available on PancakeswapğŸš€
    0x5774f0e73bb1c0957dd7442b2442c6f77c10aaa1"
@networks2025,"25 March, 2022",10:29:02,"ğŸ’Elitheum (ELTHM)ğŸ’
    ğŸ”¥Own Blockchain and Coin named 'CIC' is ready for launching.ğŸ”¥
    ğŸ”¥(Transaction speed  is much faster  than any other Blockchain and The Gas fee is much less than Bsc smartchain.)ğŸ”¥
    ğŸš€Marketcap is still very low.ğŸš€
    ğŸš€Great Opportunity to be a Early Holder.ğŸš€
    ğŸš€Available on PancakeswapğŸš€
    0x5774f0e73bb1c0957dd7442b2442c6f77c10aaa1"
@spamlinks2020,"25 March, 2022",10:30:06,"ğŸ’Elitheum (ELTHM)ğŸ’
    ğŸ”¥Own Blockchain and Coin named 'CIC' is ready for launching.ğŸ”¥
    ğŸ”¥(Transaction speed  is much faster  than any other Blockchain and The Gas fee is much less than Bsc smartchain.)ğŸ”¥
    ğŸš€Marketcap is still very low.ğŸš€
    ğŸš€Great Opportunity to be a Early Holder.ğŸš€
    ğŸš€Available on PancakeswapğŸš€
    0x5774f0e73bb1c0957dd7442b2442c6f77c10aaa1"
@free11share,"25 March, 2022",10:30:06,"ğŸ’Elitheum (ELTHM)ğŸ’
    ğŸ”¥Own Blockchain and Coin named 'CIC' is ready for launching.ğŸ”¥
    ğŸ”¥(Transaction speed  is much faster  than any other Blockchain and The Gas fee is much less than Bsc smartchain.)ğŸ”¥
    ğŸš€Marketcap is still very low.ğŸš€
    ğŸš€Great Opportunity to be a Early Holder.ğŸš€
    ğŸš€Available on PancakeswapğŸš€
    0x5774f0e73bb1c0957dd7442b2442c6f77c10aaa1"
@groupscrypto,"25 March, 2022",10:30:06,"ğŸ’Elitheum (ELTHM)ğŸ’
    ğŸ”¥Own Blockchain and Coin named 'CIC' is ready for launching.ğŸ”¥
    ğŸ”¥(Transaction speed  is much faster  than any other Blockchain and The Gas fee is much less than Bsc smartchain.)ğŸ”¥
    ğŸš€Marketcap is still very low.ğŸš€
    ğŸš€Great Opportunity to be a Early Holder.ğŸš€
    ğŸš€Available on PancakeswapğŸš€
    0x5774f0e73bb1c0957dd7442b2442c6f77c10aaa1"
@linkss2020,"25 March, 2022",10:30:06,"ğŸ’Elitheum (ELTHM)ğŸ’
    ğŸ”¥Own Blockchain and Coin named 'CIC' is ready for launching.ğŸ”¥
    ğŸ”¥(Transaction speed  is much faster  than any other Blockchain and The Gas fee is much less than Bsc smartchain.)ğŸ”¥
    ğŸš€Marketcap is still very low.ğŸš€
    ğŸš€Great Opportunity to be a Early Holder.ğŸš€
    ğŸš€Available on PancakeswapğŸš€
    0x5774f0e73bb1c0957dd7442b2442c6f77c10aaa1"
@newlinks290,"25 March, 2022",10:30:06,"ğŸ’Elitheum (ELTHM)ğŸ’
    ğŸ”¥Own Blockchain and Coin named 'CIC' is ready for launching.ğŸ”¥
    ğŸ”¥(Transaction speed  is much faster  than any other Blockchain and The Gas fee is much less than Bsc smartchain.)ğŸ”¥
    ğŸš€Marketcap is still very low.ğŸš€
    ğŸš€Great Opportunity to be a Early Holder.ğŸš€
    ğŸš€Available on PancakeswapğŸš€
    0x5774f0e73bb1c0957dd7442b2442c6f77c10aaa1"
@linksstar100,"25 March, 2022",10:30:06,"ğŸ’Elitheum (ELTHM)ğŸ’
    ğŸ”¥Own Blockchain and Coin named 'CIC' is ready for launching.ğŸ”¥
    ğŸ”¥(Transaction speed  is much faster  than any other Blockchain and The Gas fee is much less than Bsc smartchain.)ğŸ”¥
    ğŸš€Marketcap is still very low.ğŸš€
    ğŸš€Great Opportunity to be a Early Holder.ğŸš€
    ğŸš€Available on PancakeswapğŸš€
    0x5774f0e73bb1c0957dd7442b2442c6f77c10aaa1"
@bestlinks290,"25 March, 2022",10:30:06,"ğŸ’Elitheum (ELTHM)ğŸ’
    ğŸ”¥Own Blockchain and Coin named 'CIC' is ready for launching.ğŸ”¥
    ğŸ”¥(Transaction speed  is much faster  than any other Blockchain and The Gas fee is much less than Bsc smartchain.)ğŸ”¥
    ğŸš€Marketcap is still very low.ğŸš€
    ğŸš€Great Opportunity to be a Early Holder.ğŸš€
    ğŸš€Available on PancakeswapğŸš€
    0x5774f0e73bb1c0957dd7442b2442c6f77c10aaa1"
@pr0jectscrypto,"25 March, 2022",10:30:06,"ğŸ’Elitheum (ELTHM)ğŸ’
    ğŸ”¥Own Blockchain and Coin named 'CIC' is ready for launching.ğŸ”¥
    ğŸ”¥(Transaction speed  is much faster  than any other Blockchain and The Gas fee is much less than Bsc smartchain.)ğŸ”¥
    ğŸš€Marketcap is still very low.ğŸš€
    ğŸš€Great Opportunity to be a Early Holder.ğŸš€
    ğŸš€Available on PancakeswapğŸš€
    0x5774f0e73bb1c0957dd7442b2442c6f77c10aaa1"
